county_fips,cdd_annual,hdd_annual
01001,2513,2003
01003,3055,1355
01005,2526,1811
01007,2294,2212
01009,2040,2544
01011,2431,1925
01013,2570,1842
01015,1964,2473
01017,2014,2313
01019,1858,2681
01021,2243,2165
01023,2596,1919
01025,2622,1789
01027,1817,2520
01029,1735,2563
01031,2681,1763
01033,2008,2700
01035,2632,1724
01037,2082,2282
01039,2702,1715
01041,2529,1894
01043,1996,2618
01045,2697,1702
01047,2682,1929
01049,1579,2972
01051,2365,2057
01053,2699,1618
01055,2001,2579
01057,2162,2476
01059,1896,2752
01061,2773,1677
01063,2501,2122
01065,2549,2080
01067,2691,1668
01069,2837,1589
01071,1742,2912
01073,2231,2325
01075,2228,2453
01077,1951,2775
01079,1951,2755
01081,2226,2095
01083,1995,2783
01085,2639,1903
01087,2413,1961
01089,1959,2767
01091,2691,1938
01093,1973,2675
01095,1947,2636
01097,3132,1348
01099,2644,1732
01101,2505,1949
01103,2026,2673
01105,2530,2056
01107,2369,2250
01109,2547,1866
01111,1873,2450
01113,2420,1922
01115,2069,2478
01117,2185,2286
01119,2587,2024
01121,2083,2392
01123,2059,2303
01125,2294,2253
01127,2130,2472
01129,2668,1729
01131,2695,1836
01133,1886,2718
04001,747,5373
04003,1933,2629
04005,1167,4699
04007,1868,3145
04009,2109,2821
04011,1301,3717
04012,4560,1295
04013,4208,1430
04015,2779,2749
04017,1078,4884
04019,3309,1675
04021,3685,1670
04023,1742,2646
04025,2003,3201
04027,4551,1122
05001,2387,2370
05003,2568,2042
05005,1580,3302
05007,1774,3248
05009,1543,3395
05011,2432,2086
05013,2313,2184
05015,1575,3409
05017,2643,2067
05019,2219,2426
05021,1935,3008
05023,1832,2893
05025,2303,2263
05027,2353,2102
05029,2108,2748
05031,1996,2899
05033,2115,2864
05035,2313,2546
05037,2134,2747
05039,2193,2383
05041,2461,2226
05043,2488,2122
05045,2085,2785
05047,2019,2875
05049,1545,3300
05051,2165,2562
05053,2218,2438
05055,1947,2959
05057,2271,2268
05059,2236,2464
05061,2123,2493
05063,1734,2993
05065,1572,3211
05067,1916,2931
05069,2303,2373
05071,1837,2963
05073,2513,2008
05075,1805,3029
05077,2341,2473
05079,2422,2218
05081,2481,2112
05083,2123,2702
05085,2216,2559
05087,1574,3340
05089,1587,3346
05091,2637,1931
05093,2040,2823
05095,2308,2480
05097,2062,2628
05099,2212,2305
05101,1409,3459
05103,2228,2283
05105,2171,2656
05107,2402,2393
05109,2126,2551
05111,2047,2850
05113,1817,2792
05115,1877,2908
05117,2220,2512
05119,2202,2586
05121,1801,3102
05123,2260,2567
05125,2164,2576
05127,2034,2704
05129,1479,3413
05131,2285,2617
05133,2254,2346
05135,1595,3227
05137,1591,3161
05139,2428,2029
05141,1686,3124
05143,1800,3147
05145,2064,2696
05147,2092,2713
05149,2138,2661
06001,1046,2330
06003,176,7290
06005,1523,3328
06007,1862,2824
06009,1548,3263
06011,2043,2488
06013,1339,2301
06015,327,4586
06017,967,4342
06019,1202,3775
06021,1884,2818
06023,404,3838
06025,4955,844
06027,2353,3123
06029,2251,2576
06031,2548,2040
06033,1233,3406
06035,451,6247
06037,1589,2349
06039,1269,3628
06041,191,2798
06043,1200,3900
06045,601,3474
06047,1956,2225
06049,448,6288
06051,203,7152
06053,818,2606
06055,1225,2613
06057,778,4777
06059,1244,1526
06061,889,4395
06063,409,6075
06065,3446,1545
06067,1962,2141
06069,1278,2821
06071,3366,2074
06073,1690,2019
06075,160,2622
06077,1903,2051
06079,1119,2520
06081,220,2695
06083,621,2642
06085,953,2618
06087,360,2579
06089,1220,4101
06091,333,6236
06093,515,5716
06095,1526,2157
06097,456,2784
06099,1832,2324
06101,2248,2073
06103,1679,3264
06105,790,4589
06107,1053,4113
06109,593,5310
06111,861,2928
06113,1912,2228
06115,1926,2676
08001,957,5519
08003,126,7371
08005,900,5577
08007,127,7327
08009,1245,4622
08011,1391,4695
08013,215,7034
08014,901,5298
08015,0,9457
08017,1136,5075
08019,0,9696
08021,13,8549
08023,38,8083
08025,1210,5030
08027,38,7976
08029,448,6482
08031,998,5247
08033,116,7551
08035,460,6116
08037,19,8988
08039,725,5821
08041,619,5779
08043,251,6699
08045,216,7405
08047,10,8855
08049,0,9760
08051,0,9381
08053,0,10369
08055,335,6245
08057,0,10034
08059,326,6410
08061,1254,4892
08063,1070,5134
08065,0,10810
08067,197,6942
08069,120,7695
08071,771,5277
08073,954,5414
08075,945,5510
08077,629,6112
08079,0,10083
08081,361,7198
08083,625,5823
08085,525,6141
08087,937,5525
08089,1320,4733
08091,85,7878
08093,6,9368
08095,1015,5358
08097,0,9664
08099,1383,4591
08101,1104,4857
08103,331,7097
08105,13,8542
08107,42,8791
08109,6,8822
08111,0,10798
08113,230,7038
08115,975,5401
08117,0,10467
08119,44,8349
08121,924,5506
08123,844,5718
08125,1097,5148
09001,853,4903
09003,765,5305
09005,528,5866
09007,713,5186
09009,747,5185
09011,662,5160
09013,593,5543
09015,577,5526
10001,1312,3956
10003,1186,4187
10005,1281,3770
12001,3158,1042
12003,3077,1227
12005,3099,1281
12007,3114,1076
12009,3977,502
12011,4650,163
12013,3006,1385
12015,4107,443
12017,3579,808
12019,3342,934
12021,4578,235
12023,3069,1290
12027,3890,517
12029,3297,1160
12031,3364,986
12033,2957,1372
12035,3588,736
12037,3161,1185
12039,3024,1348
12041,3177,1155
12043,4125,411
12045,3078,1223
12047,3042,1383
12049,3877,547
12051,4256,322
12053,3764,699
12055,3989,504
12057,4052,565
12059,2839,1584
12061,3923,421
12063,2960,1480
12065,3073,1302
12067,3136,1310
12069,3789,670
12071,4380,336
12073,3132,1270
12075,3393,982
12077,3056,1302
12079,3008,1385
12081,3964,549
12083,3469,847
12085,4288,278
12086,4739,135
12087,4954,129
12089,3218,1122
12091,2935,1424
12093,4007,420
12095,4008,565
12097,4035,512
12099,4401,233
12101,3876,638
12103,4231,549
12105,3996,560
12107,3479,822
12109,3486,806
12111,4083,341
12113,2887,1420
12115,3949,529
12117,3896,596
12119,3666,731
12121,3122,1321
12123,3215,1269
12125,3052,1189
12127,3726,669
12129,3222,1217
12131,2928,1440
12133,2921,1457
13001,2697,1591
13003,2743,1569
13005,2791,1532
13007,2758,1600
13009,2407,2018
13011,1884,2538
13013,1949,2461
13015,1865,2742
13017,2589,1724
13019,2580,1662
13021,2371,1991
13023,2429,1865
13025,2843,1435
13027,2661,1534
13029,2728,1595
13031,2588,1720
13033,2364,1945
13035,2238,2205
13037,2691,1671
13039,3068,1230
13043,2572,1738
13045,1858,2501
13047,1886,2833
13049,3076,1275
13051,2792,1501
13053,2393,1937
13055,1657,2931
13057,1744,2771
13059,1993,2434
13061,2630,1701
13063,2138,2305
13065,2937,1438
13067,1940,2574
13069,2692,1624
13071,2508,1658
13073,2299,2113
13075,2531,1650
13077,2118,2274
13079,2309,2011
13081,2651,1733
13083,1588,3060
13085,1418,2945
13087,2932,1446
13089,2049,2414
13091,2488,1787
13093,2566,1802
13095,2763,1647
13097,1962,2473
13099,2767,1613
13101,2952,1427
13103,2643,1670
13105,2126,2386
13107,2513,1795
13109,2650,1670
13111,1058,3482
13113,2168,2259
13115,1809,2762
13117,1669,2741
13119,1917,2555
13121,2018,2448
13123,1197,3248
13125,2252,2089
13127,2912,1342
13129,1813,2810
13131,2825,1446
13133,2176,2259
13135,1899,2524
13137,1484,2871
13139,1724,2656
13141,2270,2114
13143,1691,2668
13145,2152,2153
13147,1969,2528
13149,2042,2342
13151,2169,2271
13153,2424,1896
13155,2564,1736
13157,1953,2460
13159,2254,2213
13161,2639,1650
13163,2344,1990
13165,2446,1842
13167,2463,1849
13169,2343,2061
13171,2208,2130
13173,2698,1556
13175,2493,1811
13177,2743,1683
13179,2724,1592
13181,2215,2241
13183,2711,1598
13185,2707,1528
13187,1284,3083
13189,2200,2178
13191,2783,1452
13193,2466,1887
13195,1985,2467
13197,2307,1972
13199,2106,2212
13201,2821,1560
13205,2703,1587
13207,2287,2098
13209,2587,1724
13211,2154,2297
13213,1680,2920
13215,2373,1985
13217,2129,2326
13219,2042,2391
13221,2093,2376
13223,1837,2643
13225,2330,1970
13227,1472,2945
13229,2862,1478
13231,2182,2151
13233,1839,2641
13235,2504,1821
13237,2302,2156
13239,2517,1795
13241,1101,3285
13243,2531,1775
13245,2369,2025
13247,2102,2356
13249,2432,1883
13251,2476,1832
13253,2947,1484
13255,2214,2187
13257,1781,2653
13259,2416,1891
13261,2612,1760
13263,2168,2106
13265,2169,2237
13267,2669,1642
13269,2288,2006
13271,2596,1699
13273,2652,1724
13275,2721,1490
13277,2510,1750
13279,2625,1691
13281,988,3469
13283,2539,1766
13285,2114,2255
13287,2538,1766
13289,2380,1928
13291,989,3479
13293,2228,2081
13295,1646,2991
13297,2010,2417
13299,2973,1407
13301,2176,2181
13303,2392,1949
13305,2718,1546
13307,2467,1852
13309,2590,1712
13311,1342,3023
13313,1837,2842
13315,2569,1755
13317,2172,2270
13319,2434,1911
13321,2597,1708
16001,1005,5342
16003,325,7529
16005,420,7005
16007,139,8499
16009,321,6676
16011,447,7102
16013,273,7893
16015,303,7559
16017,234,7472
16019,244,7753
16021,173,8095
16023,288,8081
16025,223,8140
16027,1002,5192
16029,175,8127
16031,508,6676
16033,194,8468
16035,238,7530
16037,74,9102
16039,596,6398
16041,388,7233
16043,138,8553
16045,758,6025
16047,824,5864
16049,131,8150
16051,438,7317
16053,771,5761
16055,349,6840
16057,330,6493
16059,115,8735
16061,371,6617
16063,653,6425
16065,283,7528
16067,586,6513
16069,623,5717
16071,578,6637
16073,610,6374
16075,991,5310
16077,460,6912
16079,204,7770
16081,104,8700
16083,600,6276
16085,83,8929
16087,732,6344
17001,1316,4628
17003,1722,3406
17005,1419,4090
17007,873,5602
17009,1243,4672
17011,986,5223
17013,1394,4255
17015,872,5576
17017,1232,4677
17019,1128,4788
17021,1247,4469
17023,1276,4261
17025,1386,4061
17027,1494,3981
17029,1189,4477
17031,1036,5048
17033,1336,4131
17035,1251,4300
17037,876,5479
17039,1109,4858
17041,1172,4578
17043,1008,5178
17045,1139,4560
17047,1496,3897
17049,1281,4250
17051,1347,4210
17053,1055,4981
17055,1544,3724
17057,1235,4759
17059,1594,3715
17061,1335,4366
17063,1069,5061
17065,1532,3828
17067,1199,4852
17069,1539,3634
17071,1115,5063
17073,1001,5199
17075,1005,5048
17077,1545,3730
17079,1317,4115
17081,1487,3873
17083,1457,4167
17085,784,5810
17087,1519,3644
17089,903,5390
17091,978,5086
17093,991,5195
17095,1062,5090
17097,883,5361
17099,971,5229
17101,1376,4049
17103,933,5393
17105,1075,4980
17107,1147,4786
17109,1138,4938
17111,817,5665
17113,1075,4908
17115,1156,4742
17117,1334,4320
17119,1513,4049
17121,1431,4056
17123,1082,4973
17125,1254,4681
17127,1703,3348
17129,1190,4750
17131,1069,5145
17133,1571,3780
17135,1304,4289
17137,1226,4596
17139,1158,4629
17141,885,5540
17143,1226,4768
17145,1561,3727
17147,1152,4749
17149,1277,4503
17151,1529,3587
17153,1731,3390
17155,1040,5094
17157,1486,3857
17159,1366,4040
17161,1063,5179
17163,1530,3961
17165,1505,3792
17167,1236,4603
17169,1231,4739
17171,1257,4529
17173,1199,4501
17175,1028,5036
17177,786,5820
17179,1195,4744
17181,1537,3695
17183,1059,4852
17185,1480,3888
17187,1062,5143
17189,1487,3918
17191,1461,3946
17193,1638,3753
17195,989,5273
17197,989,5117
17199,1489,3772
17201,901,5559
17203,1090,4921
18001,984,4989
18003,928,5044
18005,1211,4250
18007,929,5077
18009,1029,4908
18011,942,4921
18013,1119,4436
18015,959,4980
18017,910,5084
18019,1359,3937
18021,1282,4328
18023,941,5021
18025,1187,4139
18027,1385,4043
18029,1267,4162
18031,1106,4393
18033,777,5282
18035,994,4792
18037,1287,4072
18039,823,5275
18041,973,4676
18043,1402,3855
18045,974,4893
18047,1097,4448
18049,874,5182
18051,1549,3789
18053,1050,4866
18055,1263,4239
18057,991,4849
18059,1058,4653
18061,1371,3856
18063,1028,4697
18065,929,4819
18067,937,4970
18069,977,5043
18071,1281,4150
18073,889,5125
18075,974,4940
18077,1307,3982
18079,1230,4137
18081,1137,4455
18083,1421,4006
18085,864,5248
18087,781,5328
18089,929,5121
18091,868,5201
18093,1147,4306
18095,980,4889
18097,1124,4566
18099,855,5207
18101,1288,4136
18103,965,5049
18105,1096,4472
18107,947,4896
18109,1127,4494
18111,928,5102
18113,772,5349
18115,1385,3958
18117,1169,4234
18119,1202,4372
18121,1088,4734
18123,1227,4028
18125,1440,3923
18127,878,5205
18129,1659,3677
18131,872,5170
18133,1042,4699
18135,904,4899
18137,1130,4286
18139,1036,4581
18141,861,5193
18143,1337,4007
18145,1166,4362
18147,1379,3836
18149,876,5164
18151,753,5412
18153,1381,4114
18155,1408,3876
18157,971,4923
18159,945,4940
18161,966,4688
18163,1647,3627
18165,1090,4701
18167,1322,4271
18169,1000,5061
18171,973,4961
18173,1510,3764
18175,1218,4171
18177,860,4891
18179,992,4990
18181,911,5069
18183,861,5242
19001,927,5656
19003,1004,5480
19005,674,6333
19007,1081,5188
19009,827,5889
19011,828,5905
19013,871,5883
19015,946,5683
19017,769,6137
19019,740,6116
19021,863,6224
19023,808,6083
19025,872,5961
19027,900,5857
19029,947,5619
19031,854,5672
19033,710,6368
19035,837,6271
19037,647,6443
19039,1129,5303
19041,848,6316
19043,693,6192
19045,965,5358
19047,922,5826
19049,1034,5494
19051,1067,5184
19053,1141,5184
19055,719,6095
19057,1074,5148
19059,756,6576
19061,773,5943
19063,796,6492
19065,641,6391
19067,704,6348
19069,766,6176
19071,1195,5093
19073,891,5807
19075,837,5923
19077,899,5747
19079,788,6042
19081,732,6407
19083,831,5949
19085,1036,5579
19087,1007,5332
19089,577,6674
19091,803,6174
19093,859,6097
19095,963,5592
19097,871,5610
19099,1040,5461
19101,979,5427
19103,921,5578
19105,824,5779
19107,1002,5390
19109,830,6334
19111,1121,5041
19113,852,5762
19115,1072,5167
19117,1070,5271
19119,773,6560
19121,1088,5407
19123,1053,5269
19125,1110,5234
19127,894,5727
19129,1149,5278
19131,613,6573
19133,944,5850
19135,1069,5193
19137,1066,5375
19139,957,5438
19141,817,6388
19143,757,6629
19145,1137,5177
19147,859,6302
19149,877,6173
19151,843,6190
19153,1088,5391
19155,1065,5501
19157,967,5575
19159,1119,5259
19161,903,5968
19163,1050,5226
19165,912,5734
19167,816,6380
19169,956,5644
19171,857,5832
19173,1096,5291
19175,1028,5434
19177,1029,5294
19179,1034,5236
19181,1148,5291
19183,978,5406
19185,1070,5243
19187,789,6039
19189,682,6563
19191,695,6353
19193,883,6038
19195,643,6581
19197,727,6284
20001,1627,3882
20003,1575,4049
20005,1423,4478
20007,2052,3575
20009,1629,4458
20011,1667,3835
20013,1358,4664
20015,1802,3838
20017,1554,4204
20019,1982,3482
20021,1894,3389
20023,1247,4971
20025,1833,3848
20027,1584,4444
20029,1638,4486
20031,1731,3849
20033,1759,3933
20035,1923,3540
20037,1796,3607
20039,1259,5022
20041,1681,4259
20043,1445,4445
20045,1632,4142
20047,1588,4205
20049,1817,3686
20051,1592,4611
20053,1774,4237
20055,1573,4409
20057,1659,4116
20059,1599,4087
20061,1568,4336
20063,1453,4686
20065,1445,4849
20067,1617,4280
20069,1625,4250
20071,1213,4873
20073,1722,3869
20075,1489,4502
20077,2121,3502
20079,1761,4036
20081,1598,4293
20083,1713,4182
20085,1417,4657
20087,1526,4373
20089,1481,4810
20091,1603,4081
20093,1550,4445
20095,1850,3827
20097,1602,4082
20099,1862,3460
20101,1532,4513
20103,1559,4232
20105,1769,4329
20107,1558,4038
20109,1394,4674
20111,1633,4023
20113,1730,4178
20115,1631,4213
20117,1305,4930
20119,1786,3927
20121,1585,4044
20123,1642,4543
20125,1950,3455
20127,1497,4324
20129,1587,4142
20131,1267,4944
20133,1786,3634
20135,1597,4461
20137,1274,5083
20139,1633,4070
20141,1640,4626
20143,1737,4324
20145,1577,4401
20147,1394,4986
20149,1437,4606
20151,1726,4009
20153,1234,5007
20155,1752,4093
20157,1506,4764
20159,1693,4272
20161,1523,4451
20163,1536,4805
20165,1569,4536
20167,1769,4373
20169,1810,4194
20171,1470,4552
20173,1902,3767
20175,1722,4051
20177,1610,4259
20179,1317,4945
20181,1249,4969
20183,1435,4951
20185,1603,4373
20187,1557,4322
20189,1679,4113
20191,2097,3509
20193,1273,4942
20195,1500,4707
20197,1525,4316
20199,1280,4818
20201,1371,4863
20203,1346,4688
20205,1858,3596
20207,1741,3755
20209,1596,4140
21001,1462,3590
21003,1616,3360
21005,1470,3699
21007,1826,3228
21009,1597,3425
21011,1236,3871
21013,1072,3864
21015,1408,3973
21017,1322,3900
21019,1410,3701
21021,1393,3741
21023,1209,4131
21025,1346,3638
21027,1318,3835
21029,1547,3594
21031,1643,3351
21033,1667,3353
21035,1785,3335
21037,1403,3949
21039,1854,3164
21041,1467,3770
21043,1216,3898
21045,1320,3791
21047,1731,3212
21049,1367,3772
21051,1266,3682
21053,1415,3501
21055,1610,3481
21057,1544,3381
21059,1479,3650
21061,1611,3401
21063,1167,3884
21065,1377,3678
21067,1423,3763
21069,1140,4044
21071,1260,3676
21073,1463,3725
21075,1874,3105
21077,1496,3796
21079,1408,3723
21081,1390,3914
21083,1820,3230
21085,1457,3615
21087,1533,3533
21089,1290,3894
21091,1312,3855
21093,1420,3687
21095,922,4085
21097,1317,3966
21099,1531,3515
21101,1635,3571
21103,1387,3850
21105,1854,3153
21107,1677,3345
21109,1213,3841
21111,1503,3692
21113,1480,3681
21115,1208,3776
21117,1385,3987
21119,1156,3792
21121,1217,3682
21123,1444,3637
21125,1242,3745
21127,1294,3735
21129,1357,3646
21131,1184,3762
21133,980,3997
21135,1121,4110
21137,1293,3837
21139,1671,3357
21141,1625,3328
21143,1728,3295
21145,1820,3205
21147,1180,3779
21149,1607,3445
21151,1421,3708
21153,1219,3764
21155,1462,3659
21157,1813,3270
21159,1281,3704
21161,1113,4206
21163,1334,3844
21165,1191,3843
21167,1479,3671
21169,1477,3549
21171,1517,3445
21173,1286,3849
21175,1185,3828
21177,1632,3324
21179,1495,3620
21181,1232,4004
21183,1510,3529
21185,1330,3940
21187,1427,3813
21189,1348,3635
21191,1343,3967
21193,1242,3720
21195,1223,3712
21197,1327,3726
21199,1298,3728
21201,1211,4087
21203,1244,3845
21205,1103,3966
21207,1423,3600
21209,1393,3827
21211,1365,3861
21213,1625,3349
21215,1446,3719
21217,1457,3650
21219,1678,3261
21221,1747,3235
21223,1368,3886
21225,1635,3605
21227,1713,3278
21229,1468,3664
21231,1331,3650
21233,1638,3487
21235,1185,3721
21237,1261,3744
21239,1492,3668
22001,3257,1192
22003,3098,1238
22005,3304,1194
22007,3293,1161
22009,2854,1477
22011,3111,1266
22013,2649,1773
22015,2753,1779
22017,2831,1709
22019,3357,1126
22021,2681,1736
22023,3457,1052
22025,2775,1651
22027,2511,1932
22029,2800,1601
22031,2794,1660
22033,3352,1187
22035,2711,1888
22037,3123,1322
22039,3002,1321
22041,2731,1707
22043,2649,1657
22045,3235,1169
22047,3300,1176
22049,2569,1817
22051,3471,1047
22053,3282,1147
22055,3276,1192
22057,3449,1035
22059,2733,1649
22061,2547,1871
22063,3264,1251
22065,2702,1756
22067,2609,1929
22069,2732,1610
22071,3478,1087
22073,2614,1842
22075,3541,979
22077,3230,1262
22079,2794,1489
22081,2773,1685
22083,2680,1783
22085,2771,1573
22087,3473,1081
22089,3405,1092
22091,2966,1433
22093,3314,1177
22095,3351,1166
22097,3105,1297
22099,3238,1190
22101,3260,1135
22103,3239,1262
22105,3086,1378
22107,2725,1701
22109,3438,1037
22111,2537,1914
22113,3364,1125
22115,2855,1427
22117,2961,1447
22119,2647,1844
22121,3381,1165
22123,2681,1914
22125,3155,1312
22127,2605,1733
23001,477,6645
23003,258,8193
23005,460,6556
23007,191,8078
23009,347,6744
23011,474,6623
23013,330,6622
23015,392,6502
23017,295,7440
23019,360,7246
23021,235,8037
23023,453,6411
23025,219,8015
23027,374,6777
23029,278,6958
23031,486,6503
24001,928,4674
24003,1588,3620
24005,1309,4146
24009,1500,3581
24011,1365,3819
24013,1087,4430
24015,1203,4165
24017,1580,3519
24019,1490,3525
24021,1151,4310
24023,498,5391
24025,1286,4147
24027,1243,4118
24029,1436,3933
24031,1276,3969
24033,1480,3709
24035,1428,3821
24037,1507,3557
24039,1444,3403
24041,1477,3583
24043,1128,4488
24045,1336,3558
24047,1291,3480
24510,1636,3723
24511,1534,3674
25001,603,5174
25003,411,6359
25005,757,5150
25007,633,5082
25009,609,5686
25011,588,5956
25013,625,5688
25015,601,5817
25017,734,5516
25019,457,5145
25021,764,5272
25023,790,5069
25025,776,5180
25027,613,5733
26001,384,6614
26003,233,7551
26005,706,5440
26007,434,6511
26009,449,6357
26011,559,6011
26013,228,7935
26015,722,5568
26017,682,5698
26019,471,6237
26021,854,5132
26023,773,5423
26025,766,5471
26027,789,5276
26029,439,6396
26031,378,6624
26033,242,7480
26035,444,6394
26037,693,5654
26039,369,6743
26041,248,7260
26043,284,7564
26045,701,5623
26047,349,6618
26049,734,5500
26051,557,6084
26053,206,8079
26055,469,6239
26057,641,5777
26059,738,5458
26061,304,7491
26063,557,5806
26065,664,5674
26067,668,5702
26069,462,6279
26071,207,8059
26073,529,6081
26075,682,5586
26077,803,5350
26079,393,6567
26081,647,5688
26083,246,7617
26085,412,6392
26087,708,5560
26089,458,6208
26091,845,5196
26093,675,5620
26095,217,7755
26097,245,7342
26099,931,5075
26101,416,6355
26103,231,7824
26105,418,6267
26107,443,6305
26109,319,7042
26111,651,5789
26113,368,6660
26115,961,4970
26117,559,5969
26119,417,6569
26121,620,5590
26123,492,6061
26125,774,5414
26127,497,5999
26129,444,6463
26131,262,7685
26133,373,6621
26135,395,6665
26137,380,6710
26139,676,5461
26141,416,6557
26143,405,6586
26145,726,5582
26147,802,5295
26149,795,5290
26151,613,5699
26153,235,7452
26155,689,5610
26157,658,5680
26159,758,5294
26161,728,5491
26163,957,5047
26165,381,6591
27001,353,7864
27003,681,6748
27005,471,8000
27007,402,8271
27009,603,7080
27011,723,7069
27013,744,6566
27015,776,6589
27017,289,8033
27019,721,6593
27021,437,7807
27023,731,6928
27025,598,6885
27027,626,7643
27029,408,8273
27031,124,9073
27033,743,6640
27035,495,7453
27037,758,6429
27039,604,6716
27041,553,7447
27043,763,6516
27045,565,6715
27047,656,6613
27049,672,6570
27051,643,7292
27053,742,6564
27055,670,6344
27057,449,7977
27059,606,6947
27061,336,8283
27063,728,6653
27065,504,7227
27067,651,7001
27069,495,8248
27071,330,8564
27073,727,6976
27075,162,8922
27077,460,8104
27079,689,6596
27081,598,7209
27083,722,6843
27085,741,6638
27087,422,8237
27089,442,8388
27091,786,6514
27093,651,6924
27095,522,7219
27097,555,7249
27099,586,6693
27101,658,6928
27103,751,6548
27105,689,6836
27107,508,7976
27109,595,6647
27111,546,7631
27113,414,8451
27115,429,7425
27117,620,7099
27119,472,8170
27121,625,7217
27123,748,6528
27125,422,8346
27127,780,6667
27129,755,6711
27131,683,6608
27133,717,6733
27135,418,8412
27137,258,8503
27139,751,6455
27141,653,6898
27143,772,6534
27145,603,7122
27147,658,6675
27149,692,7124
27151,705,7040
27153,533,7362
27155,687,7187
27157,671,6455
27159,520,7607
27161,687,6642
27163,706,6602
27165,759,6578
27167,679,7365
27169,650,6427
27171,684,6792
27173,725,6895
28001,2714,1635
28003,1876,2764
28005,2701,1594
28007,2525,2168
28009,1908,2769
28011,2556,2215
28013,2243,2432
28015,2673,2071
28017,2281,2372
28019,2374,2277
28021,2657,1712
28023,2522,1953
28025,2442,2215
28027,2495,2312
28029,2640,1698
28031,2598,1738
28033,2265,2549
28035,2691,1614
28037,2611,1666
28039,2936,1469
28041,2664,1708
28043,2494,2238
28045,3083,1307
28047,3035,1327
28049,2734,1759
28051,2834,1931
28053,2988,1856
28055,2758,1878
28057,2166,2535
28059,3166,1294
28061,2500,1935
28063,2621,1700
28065,2646,1677
28067,2521,1841
28069,2500,2057
28071,2180,2542
28073,2736,1571
28075,2596,1930
28077,2693,1641
28079,2565,2044
28081,2252,2464
28083,2911,1915
28085,2570,1686
28087,2475,2209
28089,2763,1901
28091,2818,1535
28093,2068,2659
28095,2345,2355
28097,2439,2308
28099,2514,2044
28101,2571,1933
28103,2501,2140
28105,2500,2151
28107,2337,2443
28109,2917,1432
28111,2647,1676
28113,2671,1623
28115,2182,2506
28117,2031,2638
28119,2486,2302
28121,2680,1828
28123,2575,1945
28125,2846,1889
28127,2635,1755
28129,2571,1850
28131,2831,1480
28133,2809,2018
28135,2598,2173
28137,2258,2530
28139,1912,2748
28141,1925,2713
28143,2379,2427
28145,2133,2573
28147,2745,1565
28149,2738,1747
28151,2736,2022
28153,2430,1977
28155,2314,2344
28157,2868,1494
28159,2446,2156
28161,2302,2420
28163,2880,1839
29001,1197,4852
29003,1386,4581
29005,1262,4896
29007,1288,4470
29009,1562,3576
29011,1693,3667
29013,1535,3978
29015,1450,4016
29017,1514,3631
29019,1450,4192
29021,1466,4367
29023,1767,3254
29025,1288,4675
29027,1475,4101
29029,1608,3658
29031,1616,3573
29033,1333,4528
29035,1513,3461
29037,1515,4054
29039,1737,3562
29041,1373,4482
29043,1419,3778
29045,1181,4913
29047,1500,4296
29049,1371,4523
29051,1590,3823
29053,1483,4091
29055,1274,3983
29057,1691,3555
29059,1468,3864
29061,1285,4702
29063,1328,4609
29065,1198,4072
29067,1395,3654
29069,2012,2959
29071,1427,3968
29073,1453,3967
29075,1292,4766
29077,1500,3743
29079,1248,4785
29081,1238,4910
29083,1529,3981
29085,1514,3866
29087,1406,4626
29089,1450,4236
29091,1484,3422
29093,1237,3852
29095,1530,4135
29097,1793,3439
29099,1509,3757
29101,1472,4103
29103,1194,4887
29105,1471,3755
29107,1443,4269
29109,1559,3649
29111,1221,4837
29113,1342,4284
29115,1258,4720
29117,1299,4682
29119,1829,3255
29121,1272,4672
29123,1362,3756
29125,1522,3745
29127,1303,4623
29129,1178,5028
29131,1634,3638
29133,1839,3186
29135,1520,3958
29137,1244,4601
29139,1350,4267
29141,1477,3944
29143,1925,3088
29145,1852,3276
29147,1255,4929
29149,1574,3359
29151,1563,3826
29153,1523,3457
29155,2059,2872
29157,1499,3784
29159,1441,4132
29161,1429,3801
29163,1284,4445
29165,1520,4274
29167,1626,3673
29169,1599,3608
29171,1123,5087
29173,1302,4495
29175,1331,4510
29177,1381,4462
29179,1294,3771
29181,1685,3275
29183,1534,3948
29185,1595,3831
29186,1417,3817
29187,1322,3819
29189,1625,3820
29195,1441,4278
29197,1151,4997
29199,1181,4950
29201,1771,3323
29203,1418,3615
29205,1192,4815
29207,1789,3294
29209,1535,3634
29211,1178,4906
29213,1571,3510
29215,1351,3799
29217,1666,3750
29219,1390,4138
29221,1303,3847
29223,1490,3568
29225,1302,3933
29227,1222,5001
29229,1318,3831
29510,1724,3745
30001,67,9134
30003,549,6907
30005,450,8110
30007,274,7796
30009,323,7493
30011,677,7256
30013,323,7622
30015,472,7619
30017,782,7049
30019,451,8842
30021,648,7775
30023,51,9329
30025,668,7497
30027,414,7539
30029,117,8466
30031,126,8536
30033,716,7332
30035,151,8756
30037,410,7250
30039,74,8907
30041,426,8441
30043,179,8242
30045,230,8137
30047,271,7456
30049,173,8287
30051,384,8244
30053,174,7918
30055,693,7724
30057,119,8572
30059,147,8601
30061,186,8114
30063,160,8153
30065,554,6956
30067,96,8727
30069,680,7017
30071,602,7898
30073,275,8143
30075,718,6912
30077,112,8676
30079,737,7357
30081,92,8562
30083,716,7834
30085,620,8226
30087,665,7096
30089,200,7772
30091,534,8562
30093,109,8747
30095,320,7407
30097,233,7656
30099,221,8104
30101,358,8127
30103,665,6923
30105,588,8297
30107,251,7798
30109,640,7691
30111,639,6695
31001,1137,5332
31003,921,6058
31005,832,5839
31007,762,5966
31009,934,5911
31011,949,5876
31013,780,6209
31015,964,6186
31017,909,6220
31019,1049,5480
31021,1065,5671
31023,1136,5490
31025,1231,5196
31027,888,6149
31029,1130,5148
31031,899,6089
31033,833,5691
31035,1148,5333
31037,1139,5503
31039,998,5853
31041,920,5727
31043,933,6036
31045,892,6089
31047,967,5571
31049,915,5541
31051,881,6205
31053,1156,5494
31055,1216,5277
31057,1208,4993
31059,1215,5248
31061,1271,5181
31063,1069,5287
31065,1148,5208
31067,1293,5085
31069,847,5860
31071,834,6177
31073,1046,5410
31075,774,6095
31077,932,5934
31079,1090,5453
31081,1143,5376
31083,1274,5154
31085,1080,5278
31087,1189,5071
31089,859,6285
31091,840,5998
31093,1040,5616
31095,1358,5053
31097,1231,5103
31099,1099,5377
31101,976,5522
31103,951,6239
31105,674,6133
31107,932,6097
31109,1316,5114
31111,977,5569
31113,946,5753
31115,862,6073
31117,866,5859
31119,1008,5806
31121,1157,5430
31123,880,5807
31125,1087,5585
31127,1269,4919
31129,1265,5150
31131,1239,5127
31133,1243,5032
31135,1011,5415
31137,1086,5411
31139,940,6035
31141,1086,5602
31143,1216,5335
31145,1230,5023
31147,1361,4742
31149,844,6351
31151,1300,5136
31153,1237,5220
31155,1232,5278
31157,921,5790
31159,1230,5258
31161,806,6302
31163,960,5672
31165,742,6337
31167,1033,5732
31169,1321,5079
31171,924,5912
31173,928,6002
31175,896,5957
31177,1167,5412
31179,894,6105
31181,1261,5153
31183,900,6095
31185,1214,5281
32001,980,5144
32003,3224,2507
32005,538,5885
32007,411,7025
32009,1147,4889
32011,509,6550
32013,758,5919
32015,663,6104
32017,1558,4309
32019,867,5345
32021,900,5337
32023,1112,5031
32027,915,5461
32029,867,5473
32031,724,5798
32033,487,6689
32510,701,5631
33001,464,6615
33003,385,6897
33005,483,6435
33007,186,8065
33009,287,7276
33011,587,6059
33013,507,6480
33015,603,5996
33017,506,6458
33019,402,6795
34001,1126,4150
34003,1137,4519
34005,1181,4275
34007,1260,4174
34009,1141,3974
34011,1215,4052
34013,1210,4358
34015,1291,4068
34017,1352,4043
34019,906,4945
34021,1157,4429
34023,1239,4248
34025,1230,4268
34027,870,5017
34029,1137,4302
34031,925,4970
34033,1260,4058
34035,1066,4608
34037,711,5435
34039,1275,4217
34041,805,5188
35001,1092,4433
35003,317,5727
35005,2077,2819
35006,500,5760
35007,292,6141
35009,1644,3476
35011,1835,3215
35013,2341,2545
35015,2448,2407
35017,1237,3660
35019,1270,3922
35021,1158,4339
35023,1926,2829
35025,2183,2686
35027,1101,3840
35028,328,6148
35029,2203,2649
35031,607,5831
35033,310,5812
35035,1529,3182
35037,1653,3596
35039,248,6677
35041,1725,3257
35043,696,5433
35045,1128,5036
35047,865,4603
35049,541,5514
35051,1588,3304
35053,1057,4163
35055,67,7598
35057,668,4943
35059,863,4977
35061,1315,4067
36001,672,5836
36003,452,6144
36005,1268,4111
36007,445,6216
36009,406,6191
36011,522,5936
36013,567,5731
36015,525,6025
36017,345,6577
36019,425,6905
36021,706,5619
36023,371,6587
36025,298,6715
36027,795,5416
36029,595,5700
36031,236,7560
36033,291,7303
36035,418,6698
36037,526,5909
36039,440,6216
36041,191,7667
36043,281,7178
36045,487,6440
36047,1333,3984
36049,293,7097
36051,583,5717
36053,433,6476
36055,646,5609
36057,602,6189
36059,1109,4237
36061,1334,4022
36063,568,5771
36065,444,6464
36067,612,5868
36069,566,5831
36071,727,5466
36073,529,5796
36075,546,5982
36077,318,6827
36079,823,5247
36081,1234,4085
36083,632,5909
36085,1364,4005
36087,983,4892
36089,427,6778
36091,577,6215
36093,661,5967
36095,401,6553
36097,487,6098
36099,572,5793
36101,470,6054
36103,829,4678
36105,417,6165
36107,497,6147
36109,464,6237
36111,524,5953
36113,353,6953
36115,552,6304
36117,566,5818
36119,1002,4744
36121,432,6158
36123,527,5932
37001,1569,3041
37003,1338,3235
37005,583,4358
37007,1938,2501
37009,422,4792
37011,303,5076
37013,1756,2551
37015,1745,2655
37017,1952,2315
37019,1999,2106
37021,757,4003
37023,1300,3262
37025,1540,2953
37027,1243,3366
37029,1654,2714
37031,1850,2341
37033,1529,3173
37035,1511,3058
37037,1700,2813
37039,1025,3600
37041,1765,2624
37043,836,3753
37045,1497,3069
37047,1988,2198
37049,1808,2440
37051,1952,2441
37053,1691,2658
37055,1819,2468
37057,1496,3060
37059,1489,3169
37061,1727,2541
37063,1747,2801
37065,1694,2683
37067,1405,3274
37069,1634,2946
37071,1672,2865
37073,1667,2781
37075,711,4055
37077,1636,2967
37079,1832,2622
37081,1478,3185
37083,1623,2910
37085,1871,2579
37087,363,4822
37089,803,3792
37091,1724,2743
37093,1977,2419
37095,1805,2429
37097,1462,3145
37099,505,4342
37101,1946,2609
37103,1759,2502
37105,1765,2688
37107,1760,2696
37109,1572,2985
37111,1129,3400
37113,668,3996
37115,858,3915
37117,1774,2589
37119,1719,2785
37121,447,4658
37123,1823,2543
37125,1844,2546
37127,1664,2833
37129,2050,2091
37131,1655,2903
37133,1823,2357
37135,1602,2946
37137,1822,2387
37139,1684,2676
37141,1866,2299
37143,1712,2658
37145,1568,3036
37147,1819,2566
37149,1366,3051
37151,1591,2974
37153,1976,2419
37155,2139,2254
37157,1506,3214
37159,1485,3030
37161,1444,3047
37163,1801,2499
37165,2095,2319
37167,1750,2636
37169,1331,3385
37171,1226,3465
37173,435,4588
37175,664,3922
37177,1813,2469
37179,1786,2626
37181,1604,3052
37183,1814,2693
37185,1613,3054
37187,1762,2549
37189,394,4809
37191,1888,2593
37193,1234,3362
37195,1862,2599
37197,1366,3331
37199,445,4648
38001,624,7635
38003,534,7897
38005,443,8544
38007,596,7851
38009,454,8912
38011,650,7560
38013,466,9003
38015,504,8355
38017,626,7625
38019,369,8983
38021,539,7876
38023,513,8776
38025,579,8052
38027,460,8427
38029,566,7983
38031,458,8395
38033,613,7754
38035,536,8057
38037,591,7830
38039,466,8369
38041,560,7941
38043,470,8605
38045,554,7822
38047,490,8250
38049,479,8564
38051,490,8136
38053,641,7940
38055,519,8228
38057,564,8018
38059,556,7975
38061,473,8670
38063,446,8554
38065,547,7985
38067,520,8359
38069,414,8747
38071,434,8650
38073,601,7631
38075,473,8821
38077,656,7394
38079,360,9060
38081,598,7695
38083,418,8648
38085,614,7727
38087,611,7692
38089,559,8032
38091,476,8260
38093,512,8118
38095,388,8892
38097,537,7940
38099,499,8334
38101,469,8589
38103,413,8608
38105,571,8387
39001,1108,4265
39003,1107,4743
39005,865,5054
39007,694,5164
39009,1044,4279
39011,1052,4828
39013,937,4776
39015,1102,4340
39017,1236,4302
39019,841,4982
39021,1003,4805
39023,1129,4509
39025,1264,4118
39027,1133,4373
39029,713,5146
39031,952,4777
39033,977,4929
39035,979,4730
39037,973,4724
39039,961,5048
39041,1096,4632
39043,983,4867
39045,1004,4586
39047,1105,4479
39049,1234,4359
39051,923,5048
39053,1070,4192
39055,699,5208
39057,1161,4405
39059,1050,4523
39061,1378,4062
39063,1122,4681
39065,1069,4682
39067,932,4828
39069,1025,4905
39071,1100,4420
39073,928,4551
39075,857,4993
39077,889,5072
39079,1020,4257
39081,885,4841
39083,859,4976
39085,854,4847
39087,1287,3895
39089,971,4711
39091,954,4951
39093,926,4898
39095,1101,4708
39097,1150,4430
39099,711,5147
39101,1086,4689
39103,910,4918
39105,1016,4285
39107,993,4923
39109,1178,4482
39111,948,4582
39113,1231,4345
39115,1046,4369
39117,936,4939
39119,1069,4442
39121,1048,4440
39123,1086,4763
39125,1024,4952
39127,952,4553
39129,1164,4377
39131,1144,4210
39133,775,5092
39135,949,4733
39137,1093,4789
39139,872,5099
39141,1140,4315
39143,1048,4817
39145,1181,4093
39147,1002,4892
39149,1019,4841
39151,897,4966
39153,944,4843
39155,717,5152
39157,956,4798
39159,1046,4761
39161,1053,4887
39163,935,4391
39165,1265,4218
39167,1174,4160
39169,906,4933
39171,832,5252
39173,1120,4693
39175,1108,4625
40001,1978,3050
40003,2343,3258
40005,2512,2426
40007,1907,3651
40009,2544,2877
40011,2369,3098
40013,2686,2273
40015,2452,2899
40017,2359,2981
40019,2554,2464
40021,2068,3013
40023,2519,2340
40025,1312,4378
40027,2340,2799
40029,2494,2475
40031,2652,2680
40033,2851,2462
40035,1975,3253
40037,2233,2919
40039,2415,3077
40041,1932,3204
40043,2253,3205
40045,2114,3369
40047,2380,3120
40049,2419,2660
40051,2418,2801
40053,2303,3277
40055,2698,2727
40057,2808,2674
40059,2011,3599
40061,2352,2609
40063,2335,2626
40065,2851,2585
40067,2759,2380
40069,2538,2438
40071,2231,3247
40073,2470,3019
40075,2628,2771
40077,2216,2619
40079,2142,2653
40081,2399,2824
40083,2469,2936
40085,2716,2303
40087,2364,2764
40089,2197,2404
40091,2362,2639
40093,2343,3179
40095,2685,2302
40097,2073,3134
40099,2412,2579
40101,2321,2751
40103,2373,3037
40105,2031,3242
40107,2294,2739
40109,2399,2868
40111,2289,2774
40113,2100,3215
40115,2026,3152
40117,2266,3014
40119,2406,2915
40121,2351,2589
40123,2370,2604
40125,2355,2737
40127,2271,2500
40129,2370,3058
40131,2139,3099
40133,2340,2692
40135,2313,2707
40137,2556,2605
40139,1751,3744
40141,2875,2509
40143,2220,2971
40145,2235,2927
40147,2090,3229
40149,2504,2953
40151,2127,3474
40153,2114,3413
41001,435,6799
41003,347,4588
41005,208,5880
41007,71,5124
41009,206,5014
41011,121,4259
41013,317,6792
41015,252,4289
41017,205,7241
41019,339,4964
41021,616,5600
41023,248,7150
41025,450,6625
41027,183,6940
41029,510,5300
41031,370,6331
41033,479,4997
41035,233,7098
41037,328,6889
41039,226,5287
41041,114,4724
41043,225,5549
41045,660,6210
41047,267,5370
41049,558,5576
41051,353,4849
41053,339,4728
41055,632,5677
41057,83,5405
41059,486,5819
41061,229,7196
41063,221,7460
41065,455,6108
41067,277,5011
41069,399,6383
41071,316,4823
42001,1050,4629
42003,1060,4480
42005,705,5199
42007,837,4895
42009,785,5003
42011,974,4881
42013,693,5303
42015,475,6090
42017,1039,4660
42019,711,5217
42021,519,5753
42023,501,5894
42025,538,5755
42027,602,5549
42029,1028,4579
42031,545,5570
42033,539,5664
42035,573,5713
42037,638,5560
42039,555,5535
42041,1076,4659
42043,1015,4805
42045,1277,4148
42047,478,5818
42049,587,5508
42051,714,4978
42053,461,5833
42055,1023,4705
42057,938,4781
42059,878,4670
42061,827,4981
42063,638,5378
42065,537,5553
42067,864,4933
42069,505,5988
42071,1067,4598
42073,716,5198
42075,993,4863
42077,914,4924
42079,542,5844
42081,568,5736
42083,441,6015
42085,627,5366
42087,774,5087
42089,465,5939
42091,1189,4442
42093,764,5302
42095,831,5100
42097,776,5257
42099,949,4838
42101,1375,4045
42103,469,6003
42105,393,6267
42107,682,5474
42109,813,5141
42111,487,5633
42113,322,6497
42115,479,6167
42117,389,6255
42119,741,5322
42121,557,5586
42123,441,5985
42125,945,4630
42127,430,6221
42129,846,4826
42131,541,5894
42133,1100,4521
44001,733,5036
44003,622,5290
44005,674,5060
44007,623,5379
44009,643,5126
45001,2092,2388
45003,2344,2058
45005,2448,1932
45007,1970,2508
45009,2539,1912
45011,2415,1973
45013,2792,1564
45015,2417,1776
45017,2435,1925
45019,2543,1603
45021,1641,2910
45023,1749,2673
45025,1947,2466
45027,2289,1985
45029,2620,1738
45031,2171,2201
45033,2253,2123
45035,2616,1685
45037,2249,2174
45039,1963,2404
45041,2310,2022
45043,2128,1986
45045,1608,2776
45047,2070,2386
45049,2539,1852
45051,2062,2090
45053,2655,1676
45055,1953,2367
45057,1777,2591
45059,1899,2551
45061,2136,2182
45063,2274,2125
45065,2193,2265
45067,2252,2017
45069,2171,2258
45071,2025,2390
45073,1575,2835
45075,2507,1863
45077,1637,2736
45079,2248,2135
45081,2128,2308
45083,1724,2759
45085,2329,2024
45087,1766,2710
45089,2224,2014
45091,1680,2807
46003,823,6674
46005,773,6985
46007,913,6346
46009,944,6231
46011,597,7284
46013,672,7453
46015,877,6532
46017,788,6878
46019,846,6803
46021,657,7588
46023,976,6258
46025,651,7417
46027,946,6184
46029,563,7619
46031,718,7384
46033,677,6634
46035,816,6746
46037,591,7743
46039,561,7421
46041,837,7063
46043,885,6504
46045,663,7501
46047,900,6212
46049,706,7342
46051,646,7307
46053,939,6272
46055,960,6711
46057,584,7433
46059,726,7174
46061,818,6791
46063,754,7161
46065,864,6837
46067,886,6477
46069,705,7241
46071,1089,6247
46073,725,6996
46075,1002,6499
46077,652,7221
46079,692,7011
46081,412,7515
46083,821,6472
46085,940,6525
46087,803,6723
46089,554,7863
46091,562,7837
46093,862,6699
46095,1058,6244
46097,769,6941
46099,767,6587
46101,668,6979
46102,992,6161
46103,793,6647
46105,740,7269
46107,708,7321
46109,643,7396
46111,789,6920
46115,778,7128
46117,911,6800
46119,770,7045
46121,937,6331
46123,964,6312
46125,871,6423
46127,918,6196
46129,723,7377
46135,933,6213
46137,862,6966
47001,1306,3513
47003,1751,3090
47005,1817,3035
47007,1319,3454
47009,1396,3295
47011,1748,2969
47013,1025,3865
47015,1555,3289
47017,1800,3020
47019,760,4157
47021,1787,3096
47023,1857,2864
47025,1171,3773
47027,1571,3299
47029,1339,3384
47031,1551,3231
47033,1945,2891
47035,1036,3829
47037,1882,3009
47039,1863,2866
47041,1571,3290
47043,1650,3169
47045,2003,2877
47047,1983,2788
47049,1075,3832
47051,1599,3129
47053,1899,2951
47055,1745,2998
47057,1400,3491
47059,1305,3446
47061,1222,3551
47063,1473,3349
47065,1780,2957
47067,1242,3646
47069,1869,2860
47071,1877,2802
47073,1332,3486
47075,1950,2883
47077,1818,2911
47079,1785,3181
47081,1668,3076
47083,1711,3142
47085,1725,3084
47087,1630,3223
47089,1578,3267
47091,580,4557
47093,1541,3270
47095,1981,2955
47097,2013,2825
47099,1689,3019
47101,1618,3077
47103,1741,3026
47105,1615,3176
47107,1656,3093
47109,1859,2840
47111,1552,3385
47113,1911,2863
47115,1547,3159
47117,1753,3066
47119,1761,3025
47121,1668,3100
47123,1400,3296
47125,1817,3077
47127,1683,3089
47129,1116,3738
47131,1899,3042
47133,1372,3437
47135,1782,2945
47137,1352,3520
47139,1465,3175
47141,1424,3395
47143,1482,3278
47145,1545,3261
47147,1665,3274
47149,1801,3071
47151,1026,3915
47153,1356,3389
47155,1103,3686
47157,2240,2601
47159,1666,3219
47161,1749,3160
47163,1188,3652
47165,1662,3270
47167,2044,2787
47169,1686,3233
47171,704,4175
47173,1284,3588
47175,1260,3554
47177,1474,3332
47179,1226,3539
47181,1745,2942
47183,1860,3058
47185,1379,3465
47187,1790,3067
47189,1732,3147
48001,2738,1693
48003,2614,2147
48005,2937,1474
48007,4294,679
48009,3019,2171
48011,2233,3044
48013,3935,959
48015,3809,973
48017,1770,3233
48019,3151,1384
48021,3698,1171
48023,3080,2166
48025,4066,814
48027,3237,1444
48029,3765,1101
48031,3182,1398
48033,2805,2220
48035,3016,1667
48037,2646,1963
48039,3652,867
48041,3398,1271
48043,2972,1531
48045,2362,2891
48047,4724,566
48049,2946,1730
48051,3501,1206
48053,3175,1462
48055,3915,1093
48057,4003,756
48059,2801,1988
48061,4934,380
48063,2754,1845
48065,2079,3200
48067,2605,1899
48069,1839,3272
48071,3457,984
48073,2691,1700
48075,2870,2597
48077,2943,2241
48079,1847,3043
48081,3033,1869
48083,2900,1776
48085,3093,1903
48087,2526,2902
48089,3940,933
48091,3534,1227
48093,2993,1764
48095,2946,1782
48097,2836,2172
48099,3087,1571
48101,2851,2481
48103,3379,1640
48105,3190,1671
48107,2383,2698
48109,2416,2203
48111,1439,4149
48113,3147,1774
48115,2524,2410
48117,1753,3440
48119,2668,2102
48121,3108,1933
48123,4095,890
48125,2648,2502
48127,4485,826
48129,2332,3005
48131,4507,675
48133,2857,1958
48135,2903,1901
48137,3210,1411
48139,3080,1716
48141,2952,1963
48143,3053,1758
48145,3131,1509
48147,2779,2138
48149,3905,1012
48151,2949,2099
48153,2107,2962
48155,2988,2354
48157,3802,902
48159,2638,1983
48161,3008,1580
48163,4132,902
48165,2333,2487
48167,3658,870
48169,2799,2316
48171,2798,1629
48173,2805,2021
48175,4046,825
48177,4121,966
48179,2200,3064
48181,2875,2122
48183,2636,1768
48185,3361,1248
48187,3910,1070
48189,2013,3044
48191,2687,2690
48193,3007,1699
48195,1947,3419
48197,2972,2471
48199,3151,1254
48201,3730,943
48203,2606,1778
48205,1615,3825
48207,3037,2113
48209,3419,1272
48211,2231,3132
48213,2746,1762
48215,5055,446
48217,3056,1649
48219,2024,2900
48221,3090,1734
48223,2639,2010
48225,2844,1564
48227,2898,2051
48229,2309,2313
48231,2829,1948
48233,2240,3119
48235,2965,1895
48237,2824,2148
48239,3875,846
48241,2929,1416
48243,2106,2145
48245,3432,1053
48247,4764,580
48249,4442,670
48251,2988,1729
48253,2952,2080
48255,3945,943
48257,2867,1819
48259,3108,1422
48261,4722,503
48263,2937,2240
48265,2756,1617
48267,2859,1652
48269,2920,2308
48271,4207,980
48273,4607,587
48275,3030,2207
48277,2586,2230
48279,1880,3178
48281,3058,1595
48283,4622,736
48285,4094,907
48287,3545,1187
48289,2959,1556
48291,3370,1105
48293,3030,1570
48295,2034,3428
48297,4185,796
48299,3237,1455
48301,3063,1922
48303,2264,2706
48305,2429,2547
48307,3031,1657
48309,3098,1576
48311,4371,768
48313,3116,1418
48315,2545,1859
48317,2733,2089
48319,3100,1573
48321,3711,853
48323,4520,863
48325,3792,1095
48327,2837,1767
48329,2883,1924
48331,3311,1365
48333,2969,1687
48335,3060,1979
48337,2843,2218
48339,3508,1113
48341,1924,3445
48343,2763,1834
48345,2584,2630
48347,2778,1630
48349,3106,1620
48351,2959,1394
48353,2867,2017
48355,4510,620
48357,2010,3376
48359,1816,3517
48361,3347,1146
48363,3076,1897
48365,2691,1687
48367,2992,1890
48369,1788,3323
48371,3061,1615
48373,3058,1353
48375,2062,3253
48377,2751,1648
48379,2680,1913
48381,1932,3252
48383,2932,1908
48385,3109,1395
48387,2559,2120
48389,3094,1773
48391,4103,736
48393,2282,3069
48395,3162,1440
48397,2996,1849
48399,2972,1821
48401,2641,1728
48403,2802,1541
48405,2813,1563
48407,3225,1264
48409,4267,698
48411,3128,1564
48413,2847,1835
48415,2894,2146
48417,3048,2008
48419,2709,1655
48421,1741,3681
48423,2616,1863
48425,3063,1695
48427,5029,502
48429,3022,2007
48431,2928,1985
48433,2961,2196
48435,2991,1668
48437,1990,3178
48439,3161,1775
48441,2851,1991
48443,3527,1421
48445,2210,2667
48447,3087,2057
48449,2811,1877
48451,3037,1799
48453,3454,1296
48455,2950,1450
48457,2924,1417
48459,2630,1832
48461,3161,1703
48463,3882,1076
48465,3802,1244
48467,2661,1851
48469,3985,812
48471,3158,1345
48473,3711,1013
48475,3320,1714
48477,3632,1085
48479,4775,668
48481,3858,900
48483,2361,2978
48485,2995,2308
48487,2998,2361
48489,4858,432
48491,3325,1374
48493,3870,1032
48495,3019,1895
48497,2952,2043
48499,2665,1888
48501,1994,2813
48503,2964,2097
48505,5082,544
48507,4291,898
49001,888,5726
49003,855,6063
49005,341,7225
49007,410,7089
49009,145,8123
49011,940,5797
49013,168,7847
49015,1051,5573
49017,738,5734
49019,1195,5290
49021,800,5710
49023,1047,5658
49025,1231,4843
49027,1154,5375
49029,318,7322
49031,237,6982
49033,145,8309
49035,918,5849
49037,1339,4827
49039,312,7251
49041,335,7003
49043,41,9034
49045,1156,5665
49047,624,6516
49049,617,6465
49051,118,8146
49053,1691,4063
49055,1146,5190
49057,579,6621
50001,435,6932
50003,291,7008
50005,285,7538
50007,536,6609
50009,216,7909
50011,491,6794
50013,685,6349
50015,324,7367
50017,324,7197
50019,273,7654
50021,328,7046
50023,309,7361
50025,381,6743
50027,373,6948
51001,1437,3307
51003,1368,3528
51005,811,4313
51007,1397,3440
51009,1229,3671
51011,1427,3345
51013,1514,3651
51015,939,4108
51017,711,4558
51019,1274,3600
51021,528,4741
51023,1084,3863
51025,1540,3163
51027,935,4067
51029,1467,3330
51031,1367,3435
51033,1462,3551
51035,683,4301
51036,1652,3103
51037,1408,3366
51041,1511,3302
51043,1103,4341
51045,822,4268
51047,1365,3814
51049,1443,3412
51051,866,4115
51053,1489,3244
51057,1465,3530
51059,1470,3697
51061,1262,3983
51063,618,4530
51065,1482,3379
51067,1187,3707
51069,993,4491
51071,739,4462
51073,1586,3164
51075,1462,3433
51077,439,4782
51079,1170,3926
51081,1619,3054
51083,1483,3269
51085,1506,3391
51087,1579,3253
51089,1333,3481
51091,478,5177
51093,1655,2922
51095,1658,3081
51097,1488,3410
51099,1581,3519
51101,1533,3345
51103,1461,3474
51105,1105,3815
51107,1273,4016
51109,1384,3599
51111,1400,3347
51113,1156,4036
51115,1559,3192
51117,1551,3198
51119,1502,3378
51121,881,4106
51125,1226,3646
51127,1564,3260
51131,1542,3110
51133,1452,3539
51135,1375,3388
51137,1397,3730
51139,962,4331
51141,1050,3825
51143,1318,3471
51145,1449,3421
51147,1386,3409
51149,1620,3127
51153,1499,3663
51155,811,4200
51157,1056,4229
51159,1428,3599
51161,1098,3825
51163,1020,3998
51165,906,4295
51167,805,4184
51169,1066,3820
51171,981,4353
51173,588,4577
51175,1655,2956
51177,1376,3755
51179,1526,3634
51181,1657,3031
51183,1638,3075
51185,542,4710
51187,1007,4393
51191,889,4075
51193,1492,3579
51195,740,4345
51197,635,4450
51199,1683,2984
51510,1610,3534
51520,1118,3734
51530,1217,3747
51540,1447,3452
51550,1651,2777
51570,1568,3214
51580,1038,3949
51590,1439,3331
51595,1644,3038
51600,1399,3777
51610,1402,3783
51620,1642,2921
51630,1479,3691
51640,665,4297
51650,1730,2816
51660,1050,4013
51670,1595,3164
51680,1376,3464
51683,1500,3681
51685,1493,3684
51690,1361,3479
51700,1730,2865
51710,1796,2659
51720,731,4349
51730,1562,3213
51735,1726,2868
51740,1791,2664
51750,906,4068
51760,1577,3260
51770,1330,3551
51775,1313,3554
51790,1147,3753
51800,1635,2859
51810,1706,2702
51820,1143,3751
51830,1651,3050
51840,1051,4423
53001,685,5686
53003,607,5897
53005,908,4948
53007,210,7701
53009,29,6062
53011,365,4725
53013,497,6211
53015,181,5318
53017,711,6276
53019,298,7676
53021,854,5084
53023,549,5964
53025,819,5488
53027,67,5254
53029,94,4847
53031,25,6711
53033,127,6075
53035,230,4741
53037,293,7114
53039,449,6093
53041,130,6127
53043,477,6528
53045,132,5563
53047,280,7831
53049,85,4945
53051,217,7892
53053,103,6342
53055,69,4940
53057,81,6582
53059,123,6912
53061,90,6362
53063,509,6356
53065,396,7055
53067,217,4868
53069,88,5009
53071,856,5018
53073,69,7172
53075,580,5671
53077,329,6753
54001,888,4483
54003,1080,4495
54005,1153,3903
54007,1121,4137
54009,973,4650
54011,1420,3688
54013,1160,4037
54015,1124,4027
54017,1107,4182
54019,788,4501
54021,1181,4069
54023,703,4792
54025,518,4968
54027,931,4523
54029,827,4876
54031,793,4615
54033,1073,4256
54035,1244,3950
54037,1134,4341
54039,1299,3853
54041,1137,4167
54043,1399,3669
54045,1191,3719
54047,879,4178
54049,955,4456
54051,937,4690
54053,1156,4078
54055,603,4669
54057,1002,4424
54059,1261,3673
54061,909,4578
54063,761,4437
54065,1022,4611
54067,695,4672
54069,981,4674
54071,571,4962
54073,1147,4158
54075,301,5772
54077,658,4982
54079,1356,3787
54081,705,4545
54083,439,5439
54085,1163,4093
54087,1215,3955
54089,817,4381
54091,949,4390
54093,433,5447
54095,1066,4255
54097,902,4480
54099,1406,3634
54101,584,5046
54103,942,4498
54105,1211,3996
54107,1258,3984
54109,891,4119
55001,562,6453
55003,255,7818
55005,441,7148
55007,294,7624
55009,502,6320
55011,663,6499
55013,465,7241
55015,552,6342
55017,475,6934
55019,437,6935
55021,688,6069
55023,684,6225
55025,737,5921
55027,620,6197
55029,325,6638
55031,338,7641
55033,562,6788
55035,553,6711
55037,248,7723
55039,597,6234
55041,209,7905
55043,732,6023
55045,749,5886
55047,644,6188
55049,682,6153
55051,201,8142
55053,592,6564
55055,695,5932
55057,559,6520
55059,770,5552
55061,399,6447
55063,681,6362
55065,683,6081
55067,268,7593
55069,320,7531
55071,464,6341
55073,426,7018
55075,347,7055
55077,637,6217
55078,378,6967
55079,712,5664
55081,589,6606
55083,378,6849
55085,225,7928
55087,564,6264
55089,564,6087
55091,654,6570
55093,623,6757
55095,504,7084
55097,542,6574
55099,263,7813
55101,727,5659
55103,647,6269
55105,816,5749
55107,365,7381
55109,576,6868
55111,636,6260
55113,292,7688
55115,464,6700
55117,484,6346
55119,325,7409
55121,640,6505
55123,584,6546
55125,186,8205
55127,670,6015
55129,378,7501
55131,556,6325
55133,651,5949
55135,575,6325
55137,594,6283
55139,640,6147
55141,516,6666
56001,131,8075
56003,379,7333
56005,667,6893
56007,176,8110
56009,528,7010
56011,613,7118
56013,191,8244
56015,775,6033
56017,359,7473
56019,397,7269
56021,476,6463
56023,77,9021
56025,428,7334
56027,808,6269
56029,73,8862
56031,645,6247
56033,384,7442
56035,8,9975
56037,265,7966
56039,6,10282
56041,117,8514
56043,500,7017
56045,793,6789
